roadwork,001,John,Dan
roadwork,002,John,Dan
roadwork,003,Dan,John
roadwork,004,John,Dan
roadwork,005,John,Dan
roadwork,006,John,Dan
roadwork,007,John,Dan
roadwork,008,John,Dan
roadwork,009,John,Dan
roadwork,010,Dan,John
roadwork,011,John,Dan
roadwork,012,Dan,John
roadwork,013,John,Dan
roadwork,014,John,Dan
roadwork,015,John,Dan
roadwork,016,Dan,John
roadwork,017,Dan,John
roadwork,018,John,Dan
roadwork,019,John,Dan
roadwork,020,Dan,John
roadwork,021,Dan,John
roadwork,022,Dan,John
roadwork,023,John,Dan
roadwork,024,Dan,John
roadwork,025,John,Dan
roadwork,026,John,Dan
roadwork,027,John,Dan
roadwork,028,Dan,John
roadwork,029,Dan,John
roadwork,030,John,Dan
roadwork,031,Dan,John
roadwork,032,John,Dan
roadwork,033,Dan,John
roadwork,034,Dan,John
roadwork,035,John,Dan
roadwork,036,Dan,John
roadwork,037,Dan,John
roadwork,038,John,Dan
roadwork,039,Dan,John
roadwork,040,John,Dan
roadwork,041,Dan,John
roadwork,042,John,Dan
roadwork,043,John,Dan
roadwork,044,John,Dan
roadwork,045,Dan,John
roadwork,046,John,Dan
roadwork,047,John,Dan
roadwork,048,John,Dan
roadwork,049,John,Dan
roadwork,050,John,Dan
roadwork,051,Dan,John
roadwork,052,Dan,John
roadwork,053,Dan,John
roadwork,054,John,Dan
roadwork,055,Dan,John
roadwork,056,Dan,John
roadwork,057,John,Dan
roadwork,058,John,Dan
roadwork,059,John,Dan
roadwork,060,Dan,John
roadwork,061,John,Dan
roadwork,062,Dan,John
roadwork,063,John,Dan
roadwork,064,John,Dan
roadwork,065,John,Dan
roadwork,066,John,Dan
roadwork,067,John,Dan
roadwork,068,Dan,John
roadwork,069,Dan,John
roadwork,070,John,Dan
roadwork,071,Dan,John
roadwork,072,Dan,John
roadwork,073,John,Dan
roadwork,074,John,Dan
roadwork,075,John,Dan
roadwork,076,Dan,John
roadwork,077,Dan,John
roadwork,078,John,Dan
roadwork,079,John,Dan
roadwork,080,John,Dan
roadwork,081,John,Dan
roadwork,082,Dan,John
roadwork,083,Dan,John
roadwork,084,Dan,John
roadwork,085,John,Dan
roadwork,086,Dan,John
roadwork,087,John,Dan
roadwork,088,Dan,John
roadwork,089,John,Dan
roadwork,090,John,Dan
roadwork,091,Dan,John
roadwork,092,Dan,John
roadwork,093,John,Dan
roadwork,094,John,Dan
roadwork,095,John,Dan
roadwork,096,John,Dan
roadwork,097,John,Dan
roadwork,098,John,Dan
roadwork,099,Dan,John
roadwork,100,Dan,John
roadwork,101,Dan,John
roadwork,102,John,Dan
roadwork,103,John,Dan
roadwork,104,John,Dan
roadwork,105,Dan,John
roadwork,106,John,Dan
roadwork,107,Dan,John
roadwork,108,John,Dan
roadwork,109,Dan,John
roadwork,110,Dan,John
roadwork,111,John,Dan
roadwork,112,John,Dan
roadwork,113,Dan,John
roadwork,114,Dan,John
roadwork,115,John,Dan
roadwork,116,Dan,John
roadwork,117,Dan,John
roadwork,118,John,Dan
roadwork,119,Dan,John
roadwork,120,Dan,John
roadwork,121,Dan,John
roadwork,122,John,Dan
roadwork,123,Dan,John
roadwork,124,John,Dan
roadwork,125,John,Dan
roadwork,126,John,Dan
roadwork,127,John,Dan
roadwork,128,John,Dan
roadwork,129,Dan,John
roadwork,130,Dan,John
roadwork,131,Dan,John
roadwork,132,Dan,John
roadwork,133,John,Dan
roadwork,134,John,Dan
roadwork,135,Dan,John
roadwork,136,John,Dan
roadwork,137,John,Dan
roadwork,138,Dan,John
roadwork,139,John,Dan
roadwork,140,John,Dan
roadwork,141,John,Dan
roadwork,142,John,Dan
roadwork,143,Dan,John
roadwork,144,John,Dan
roadwork,145,John,Dan
roadwork,146,John,Dan
roadwork,147,John,Dan
roadwork,148,John,Dan
roadwork,149,John,Dan
roadwork,150,Dan,John
roadwork,151,Dan,John
roadwork,152,John,Dan
roadwork,153,John,Dan
roadwork,154,John,Dan
roadwork,155,John,Dan
roadwork,156,John,Dan
roadwork,157,John,Dan
roadwork,158,John,Dan
roadwork,159,John,Dan
roadwork,160,John,Dan
roadwork,161,John,Dan
roadwork,162,John,Dan
roadwork,163,John,Dan
roadwork,164,John,Dan
roadwork,165,John,Dan
roadwork,166,John,Dan
roadwork,167,John,Dan
roadwork,168,Dan,John
roadwork,169,John,Dan
roadwork,170,John,Dan
roadwork,171,John,Dan
roadwork,172,John,Dan
roadwork,173,John,Dan
roadwork,174,Dan,John
roadwork,175,John,Dan
roadwork,176,Dan,John
roadwork,177,John,Dan
roadwork,178,Dan,John
roadwork,179,Dan,John
roadwork,180,John,Dan
roadwork,181,John,Dan
roadwork,182,Dan,John
roadwork,183,Dan,John
roadwork,184,John,Dan
roadwork,185,Dan,John
roadwork,186,Dan,John
roadwork,187,John,Dan
roadwork,188,John,Dan
roadwork,189,Dan,John
roadwork,190,Dan,John
roadwork,191,John,Dan
roadwork,192,John,Dan
roadwork,193,Dan,John
roadwork,194,John,Dan
roadwork,195,John,Dan
roadwork,196,John,Dan
roadwork,197,John,Dan
roadwork,198,John,Dan
roadwork,199,John,Dan
roadwork,200,Dan,John
roadwork,201,John,Dan
roadwork,202,John,Dan
roadwork,203,John,Dan
roadwork,204,John,Dan
roadwork,205,Dan,John
roadwork,206,John,Dan
roadwork,207,John,Dan
roadwork,208,John,Dan
roadwork,209,John,Dan
roadwork,211,Dan,John
roadwork,212,Dan,John
roadwork,213,Dan,John
roadwork,214,John,Dan
roadwork,215,Dan,John
roadwork,216,John,Dan
roadwork,217,John,Dan
roadwork,218,John,Dan
roadwork,219,Dan,John
roadwork,220,Dan,John
roadwork,221,Dan,John
roadwork,222,John,Dan
roadwork,223,John,Dan
roadwork,224,John,Dan
roadwork,225,John,Dan
roadwork,226,Dan,John
roadwork,227,John,Dan
roadwork,228,John,Dan
roadwork,229,John,Dan
roadwork,230,John,Dan
roadwork,231,John,Dan
roadwork,232,John,Dan
roadwork,233,John,Dan
roadwork,234,John,Dan
roadwork,235,John,Dan
roadwork,236,John,Dan
roadwork,237,Dan,John
roadwork,238,John,Dan
roadwork,239,John,Dan
roadwork,240,John,Dan
roadwork,241,Dan,John
roadwork,242,John,Dan
roadwork,243,Dan,John
roadwork,244,John,Dan
roadwork,245,John,Dan
roadwork,246,Dan,John
roadwork,247,John,Dan
roadwork,248,John,Dan
roadwork,249,John,Dan
roadwork,250,John,Dan
roadwork,251,John,Dan
roadwork,252,Dan,John
roadwork,253,John,Dan
roadwork,254,John,Dan
roadwork,255,John,Dan
roadwork,256,John,Dan
roadwork,257,John,Dan
rotl,000,Merlin,John
rotl,001,John,Merlin
rotl,002,John,Merlin
rotl,003,Merlin,John
rotl,004,John,Merlin
rotl,005,John,Merlin
rotl,006,Merlin,John
rotl,007,John,Merlin
rotl,008,Merlin,John
rotl,009,John,Merlin
rotl,010,John,Merlin
rotl,011,Merlin,John
rotl,012,John,Merlin
rotl,013,John,Merlin
rotl,014,John,Merlin
rotl,015,Merlin,John
rotl,016,Merlin,John
rotl,017,John,Merlin
rotl,018,John,Merlin
rotl,019,Merlin,John
rotl,020,Merlin,John
rotl,021,John,Merlin
rotl,022,Merlin,John
rotl,023,Merlin,John
rotl,024,John,Merlin
rotl,025,Merlin,John
rotl,026,John,Merlin
rotl,027,John,Merlin
rotl,028,Merlin,John
rotl,029,Merlin,John
rotl,030,John,Merlin
rotl,031,John,Merlin
rotl,032,Merlin,John
rotl,033,John,Merlin
rotl,034,Merlin,John
rotl,035,John,Merlin
rotl,036,Merlin,John
rotl,037,Merlin,John
rotl,038,Merlin,John
rotl,039,Merlin,John
rotl,040,Merlin,John
rotl,041,Merlin,John
rotl,042,John,Merlin
rotl,043,John,Merlin
rotl,044,Merlin,John
rotl,045,John,Merlin
rotl,046,Merlin,John
rotl,047,Merlin,John
rotl,048,Merlin,John
rotl,049,John,Merlin
rotl,050,Merlin,John
rotl,051,Merlin,John
rotl,052,Merlin,John
rotl,053,John,Merlin
rotl,054,John,Merlin
rotl,055,Merlin,John
rotl,056,Merlin,John
rotl,057,John,Merlin
rotl,058,John,Merlin
rotl,059,Merlin,John
rotl,060,Merlin,John
rotl,061,Merlin,John
rotl,062,Merlin,John
rotl,063,John,Merlin
rotl,064,Merlin,John
rotl,065,John,Merlin
rotl,066,John,Merlin
rotl,067,Merlin,John
rotl,068,Merlin,John
rotl,069,Merlin,John
rotl,070,Merlin,John
rotl,071,Merlin,John
rotl,072,Merlin,John
rotl,073,John,Merlin
rotl,074,John,Merlin
rotl,075,John,Merlin
rotl,076,John,Merlin
rotl,077,John,Merlin
rotl,078,Merlin,John
rotl,079,John,Merlin
rotl,080,Merlin,John
rotl,081,Merlin,John
rotl,082,John,Merlin
rotl,083,Merlin,John
rotl,084,Merlin,John
rotl,085,John,Merlin
rotl,086,John,Merlin
rotl,087,Merlin,John
rotl,088,John,Merlin
rotl,089,Merlin,John
rotl,090,John,Merlin
rotl,091,Merlin,John
rotl,092,Merlin,John
rotl,093,Merlin,John
rotl,094,Merlin,John
rotl,095,Merlin,John
rotl,096,Merlin,John
rotl,097,John,Merlin
rotl,098,John,Merlin
rotl,099,Merlin,John
rotl,100,John,Merlin
rotl,101,Merlin,John
rotl,102,Merlin,John
rotl,103,Merlin,John
rotl,104,John,Merlin
rotl,105,John,Merlin
rotl,106,John,Merlin
rotl,107,Merlin,John
rotl,108,John,Merlin
rotl,109,Merlin,John
rotl,110,John,Merlin
rotl,111,Merlin,John
rotl,112,Merlin,John
rotl,113,John,Merlin
rotl,114,Merlin,John
rotl,115,John,Merlin
rotl,116,Merlin,John
rotl,117,John,Merlin
rotl,118,John,Merlin
rotl,119,John,Merlin
rotl,120,Merlin,John
rotl,121,John,Merlin
rotl,122,Merlin,John
rotl,123,Merlin,John
rotl,124,John,Merlin
rotl,125,John,Merlin
rotl,126,Merlin,John
rotl,127,Merlin,John
rotl,128,John,Merlin
rotl,129,John,Merlin
rotl,130,Merlin,John
rotl,131,John,Merlin
rotl,132,Merlin,John
rotl,133,John,Merlin
rotl,134,John,Merlin
rotl,135,John,Merlin
rotl,136,John,Merlin
rotl,137,Merlin,John
rotl,138,John,Merlin
rotl,139,John,Merlin
rotl,140,John,Merlin
rotl,140.5,Merlin,John
rotl,141,John,Merlin
rotl,142,John,Merlin
rotl,143,Merlin,John
rotl,144,John,Merlin
rotl,145,Merlin,John
rotl,146,Merlin,John
rotl,147,John,Merlin
rotl,148,Merlin,John
rotl,149,John,Merlin
rotl,150,John,Merlin
rotl,151,John,Merlin
rotl,152,John,Merlin
rotl,153,John,Merlin
rotl,154,John,Merlin
rotl,155,John,Merlin
rotl,156,John,Merlin
rotl,157,Merlin,John
rotl,158,Merlin,John
rotl,159,Merlin,John
rotl,160,John,Merlin
rotl,161,John,Merlin
rotl,162,John,Merlin
rotl,163,John,Merlin
rotl,164,John,Merlin
rotl,165,John,Merlin
rotl,166,John,Merlin
rotl,167,John,Merlin
rotl,168,Merlin,John
rotl,169,John,Merlin
rotl,170,Merlin,John
rotl,171,Merlin,John
rotl,172,John,Merlin
rotl,173,Merlin,John
rotl,174,John,Merlin
rotl,175,John,Merlin
rotl,176,John,Merlin
rotl,177,John,Merlin
rotl,178,John,Merlin
rotl,179,John,Merlin
rotl,180,Merlin,John
rotl,181,John,Merlin
rotl,182,Merlin,John
rotl,183,John,Merlin
rotl,184,Merlin,John
rotl,185,Merlin,John
rotl,186,John,Merlin
rotl,187,John,Merlin
rotl,188,John,Merlin
rotl,189,Merlin,John
rotl,190,Merlin,John
rotl,191,Merlin,John
rotl,192,John,Merlin
rotl,193,John,Merlin
rotl,194,Merlin,John
rotl,195,Merlin,John
rotl,196,Merlin,John
rotl,197,Merlin,John
rotl,198,John,Merlin
rotl,199,John,Merlin
rotl,200,John,Merlin
rotl,201,John,Merlin
rotl,202,Merlin,John
rotl,203,John,Merlin
rotl,204,John,Merlin
rotl,205,John,Merlin
rotl,206,John,Merlin
rotl,207,John,Merlin
rotl,208,John,Merlin
rotl,209,John,Merlin
rotl,210,John,Merlin
rotl,211,John,Merlin
rotl,212,Merlin,John
rotl,213,John,Merlin
rotl,214,John,Merlin
rotl,215,Merlin,John
rotl,216,John,Merlin
rotl,217,Merlin,John
rotl,218,John,Merlin
rotl,219,John,Merlin
rotl,220,John,Merlin
rotl,221,Merlin,John
rotl,222,John,Merlin
rotl,223,Merlin,John
rotl,224,Merlin,John
rotl,225,John,Merlin
rotl,226,Merlin,John
rotl,227,John,Merlin
rotl,228,John,Merlin
rotl,229,John,Merlin
rotl,230,John,Merlin
rotl,231,John,Merlin
rotl,232,Merlin,John
rotl,233,John,Merlin
rotl,234,John,Merlin
rotl,235,Merlin,John
rotl,236,John,Merlin
rotl,237,John,Merlin
rotl,238,Merlin,John
rotl,239,Merlin,John
rotl,240,Merlin,John
rotl,241,John,Merlin
rotl,242,Merlin,John
rotl,243,Merlin,John
rotl,244,Merlin,John
rotl,245,Merlin,John
rotl,246,John,Merlin
rotl,247,John,Merlin
rotl,248,Merlin,John
rotl,249,John,Merlin
rotl,250,John,Merlin
rotl,251,Merlin,John
rotl,252,Merlin,John
rotl,253,John,Merlin
rotl,254,John,Merlin
rotl,255,John,Merlin
rotl,256,John,Merlin
rotl,257,Merlin,John
rotl,258,John,Merlin
rotl,259,John,Merlin
rotl,260,John,Merlin
rotl,261,John,Merlin
rotl,262,John,Merlin
rotl,263,John,Merlin
rotl,264,Merlin,John
rotl,265,Merlin,John
rotl,266,John,Merlin
rotl,267,Merlin,John
rotl,268,John,Merlin
rotl,269,Merlin,John
rotl,270,John,Merlin
rotl,271,Merlin,John
rotl,272,Merlin,John
rotl,273,John,Merlin
rotl,274,John,Merlin
rotl,275,Merlin,John
rotl,276,Merlin,John
rotl,277,John,Merlin
rotl,278,Merlin,John
rotl,279,John,Merlin
rotl,280,John,Merlin
rotl,281,John,Merlin
rotl,282,Merlin,John
rotl,283,Merlin,John
rotl,284,Merlin,John
rotl,285,John,Merlin
rotl,286,John,Merlin
rotl,287,John,Merlin
rotl,288,John,Merlin
rotl,289,John,Merlin
rotl,290,Merlin,John
rotl,291,John,Merlin
rotl,292,John,Merlin
rotl,293,John,Merlin
rotl,294,Merlin,John
rotl,295,Merlin,John
rotl,296,John,Merlin
rotl,297,Merlin,John
rotl,298,Merlin,John
rotl,299,Merlin,John
rotl,300,John,Merlin
rotl,301,John,Merlin
rotl,302,Merlin,John
rotl,303,Merlin,John
rotl,304,Merlin,John
rotl,305,John,Merlin
rotl,306,John,Merlin
rotl,307,Merlin,John
rotl,308,Merlin,John
rotl,309,John,Merlin
rotl,310,Merlin,John
rotl,311,John,Merlin
rotl,312,Merlin,John
rotl,313,John,Merlin
rotl,314,Merlin,John
rotl,315,Merlin,John
rotl,316,Merlin,John
rotl,317,Merlin,John
rotl,318,Merlin,John
rotl,319,John,Merlin
rotl,320,John,Merlin
rotl,321,John,Merlin
rotl,322,Merlin,John
rotl,323,Merlin,John
rotl,324,John,Merlin
rotl,325,Merlin,John
rotl,326,John,Merlin
rotl,327,Merlin,John
rotl,328,Merlin,John
rotl,329,John,Merlin
rotl,330,Merlin,John
rotl,331,Merlin,John
rotl,332,Merlin,John
rotl,333,Merlin,John
rotl,334,Merlin,John
rotl,335,Merlin,John
rotl,336,John,Merlin
rotl,337,John,Merlin
rotl,338,John,Merlin
rotl,339,John,Merlin
rotl,340,John,Merlin
rotl,341,John,Merlin
rotl,342,John,Merlin
rotl,343,John,Merlin
rotl,344,Merlin,John
rotl,345,John,Merlin
rotl,346,Merlin,John
rotl,347,Merlin,John
rotl,348,John,Merlin
rotl,349,John,Merlin
rotl,350,John,Merlin
rotl,351,John,Merlin
rotl,352,Merlin,John
rotl,353,John,Merlin
rotl,354,John,Merlin
rotl,355,Merlin,John
rotl,356,John,Merlin
rotl,357,Merlin,John
rotl,358,Merlin,John
rotl,359,Merlin,John
rotl,360,John,Merlin
rotl,361,Merlin,John
rotl,362,John,Merlin
rotl,363,Merlin,John
rotl,364,John,Merlin
rotl,365,Merlin,John
rotl,366,Merlin,John
rotl,367,John,Merlin
rotl,368,John,Merlin
rotl,369,John,Merlin
rotl,370,Merlin,John
rotl,371,John,Merlin
rotl,372,Merlin,John
rotl,373,John,Merlin
rotl,374,Merlin,John
rotl,375,John,Merlin
rotl,376,John,Merlin
rotl,377,John,Merlin
rotl,378,Merlin,John
rotl,379,John,Merlin
rotl,380,John,Merlin
rotl,381,Merlin,John
rotl,382,Merlin,John
rotl,383,John,Merlin
rotl,384,Merlin,John
rotl,385,Merlin,John
rotl,386,Merlin,John
rotl,387,John,Merlin
rotl,388,Merlin,John
rotl,389,Merlin,John
rotl,390,Merlin,John
rotl,391,Merlin,John
rotl,392,John,Merlin
rotl,393,John,Merlin
rotl,394,John,Merlin
rotl,395,John,Merlin
rotl,396,John,Merlin
rotl,397,John,Merlin
rotl,398,John,Merlin
rotl,399,John,Merlin
rotl,400,John,Merlin
rotl,401,John,Merlin
rotl,402,John,Merlin
rotl,403,John,Merlin
rotl,404,John,Merlin
rotl,405,John,Merlin
rotl,406,John,Merlin
rotl,407,Merlin,John
rotl,408,John,Merlin
rotl,409,Merlin,John
rotl,410,Merlin,John
rotl,411,John,Merlin
rotl,412,Merlin,John
rotl,413,Merlin,John
rotl,414,Merlin,John
rotl,415,Merlin,John
rotl,416,John,Merlin
rotl,417,Merlin,John
rotl,418,Merlin,John
rotl,419,John,Merlin
rotl,420,John,Merlin
rotl,421,Merlin,John
rotl,422,Merlin,John
rotl,423,Merlin,John
rotl,424,Merlin,John
rotl,425,Merlin,John
rotl,426,John,Merlin
rotl,427,Merlin,John
rotl,428,Merlin,John
rotl,429,John,Merlin
rotl,430,Merlin,John
rotl,431,Merlin,John
rotl,432,Merlin,John
rotl,433,John,Merlin
rotl,434,John,Merlin
rotl,435,Merlin,John
rotl,436,Merlin,John
rotl,437,John,Merlin
rotl,438,Merlin,John
rotl,439,John,Merlin
rotl,440,John,Merlin
rotl,441,John,Merlin
rotl,442,Merlin,John
rotl,443,John,Merlin
rotl,444,John,Merlin
rotl,445,John,Merlin
rotl,446,Merlin,John
rotl,447,John,Merlin
rotl,448,Merlin,John
rotl,449,Merlin,John
rotl,450,John,Merlin
rotl,451,Merlin,John
rotl,452,John,Merlin
rotl,453,John,Merlin
rotl,454,John,Merlin
rotl,455,Merlin,John
rotl,456,John,Merlin
rotl,457,John,Merlin
rotl,458,John,Merlin
rotl,459,Merlin,John
rotl,460,John,Merlin
rotl,461,John,Merlin
rotl,462,Merlin,John
rotl,463,Merlin,John
rotl,464,Merlin,John
rotl,465,John,Merlin
rotl,466,John,Merlin
rotl,467,John,Merlin
rotl,468,John,Merlin
rotl,469,Merlin,John
rotl,470,John,Merlin
rotl,471,Merlin,John
rotl,472,Merlin,John
rotl,473,Merlin,John
rotl,474,Merlin,John
rotl,475,John,Merlin
rotl,476,John,Merlin
rotl,477,John,Merlin
rotl,478,John,Merlin
rotl,479,John,Merlin
rotl,480,Merlin,John
rotl,481,John,Merlin
rotl,482,John,Merlin
rotl,483,John,Merlin
rotl,484,John,Merlin
rotl,485,John,Merlin
rotl,486,John,Merlin
rotl,487,Merlin,John
rotl,488,Merlin,John
rotl,489,Merlin,John
rotl,490,John,Merlin
rotl,491,John,Merlin
rotl,492,John,Merlin
rotl,493,Merlin,John
rotl,494,Merlin,John
rotl,495,Merlin,John
rotl,496,Merlin,John
rotl,497,Merlin,John
rotl,498,John,Merlin
rotl,499,John,Merlin
rotl,500,Merlin,John
rotl,501,Merlin,John
rotl,502,Merlin,John
rotl,503,John,Merlin
rotl,504,Merlin,John
rotl,505,John,Merlin
rotl,506,Merlin,John
rotl,507,Merlin,John
rotl,508,Merlin,John
rotl,509,Merlin,John
rotl,510,Merlin,John
rotl,511,John,Merlin
rotl,512,John,Merlin
rotl,513,John,Merlin
rotl,514,John,Merlin
rotl,515,John,Merlin
rotl,516,John,Merlin
rotl,517,Merlin,John
rotl,518,Merlin,John
rotl,519,John,Merlin
rotl,520,John,Merlin
rotl,521,John,Merlin
rotl,522,Merlin,John
rotl,523,Merlin,John
rotl,524,John,Merlin
rotl,525,Merlin,John
rotl,526,Merlin,John
rotl,527,Merlin,John
rotl,528,Merlin,John
rotl,529,Merlin,John
rotl,530,Merlin,John
rotl,531,Merlin,John
rotl,532,Merlin,John
rotl,533,Merlin,John
rotl,534,Merlin,John
rotl,535,John,Merlin
rotl,536,John,Merlin
rotl,537,John,Merlin
rotl,538,Merlin,John
rotl,539,Merlin,John
rotl,540,Merlin,John
rotl,541,Merlin,John
rotl,542,John,Merlin
rotl,543,John,Merlin
rotl,544,Merlin,John
rotl,545,John,Merlin
rotl,546,Merlin,John
rotl,547,Merlin,John
rotl,548,John,Merlin
rotl,549,Merlin,John
rotl,550,Merlin,John
rotl,551,John,Merlin
rotl,552,John,Merlin
rotl,553,John,Merlin
rotl,554,Merlin,John
rotl,555,John,Merlin
rotl,556,Merlin,John